<?xml version="1.0" encoding="iso-8859-1"?>
<!DOCTYPE REZEPT SYSTEM "../Rezept.dtd">
<?xml-stylesheet type="text/xsl" href="../Rezepte.xsl" ?>
<REZEPT>
  <REZEPTNAME>H&#228;hnchen portugiesisch</REZEPTNAME>
  <KATEGORIE>Backofen</KATEGORIE>
  <AUTOR></AUTOR>
  <BEWERTUNG></BEWERTUNG>
  <ZUTATEN>
    <ZUTAT>H&#228;hnchenbrustfilet oder H&#228;hnchenkeulen</ZUTAT>
    <ZUTAT>rohe Kartoffelscheiben</ZUTAT>
    <ZUTAT>1 Flasche Ketchup</ZUTAT>
    <ZUTAT>1 Flasche Rotwein</ZUTAT>
    <ZUTAT>&#189; TL Salz</ZUTAT>
    <ZUTAT>&#189; TL Pfeffer</ZUTAT>
    <ZUTAT>&#189; TL Paprika</ZUTAT>
    <ZUTAT>1 EL Senf</ZUTAT>
    <ZUTAT>2 Lorbeerbl&#228;tter</ZUTAT>
  </ZUTATEN>
  <ZUBEREITUNG>
    <ITEM>das H&#228;hnchenbrustfilet in eine Auflaufform legen</ITEM>
    <ITEM>danach die rohen Kartoffelscheiben dar&#252;ber legen</ITEM>
    <ITEM>Ketchup,Rotwein, Salz, Pfeffer, Paprika, Senf und die Lorbeerbl&#228;tter
    zusammenr&#252;hren und &#252;ber die Kartoffelscheiben gie&#223;en</ITEM>
    <ITEM>zum Schluss alles 2 Stunden in der R&#246;hre garen</ITEM>
  </ZUBEREITUNG>
</REZEPT>