<?xml version="1.0" encoding="iso-8859-1"?>
<!DOCTYPE REZEPT SYSTEM "../Rezept.dtd">
<?xml-stylesheet type="text/xsl" href="../Rezepte.xsl" ?>
<REZEPT>
  <REZEPTNAME>Saftige Schnitzel-Pizza</REZEPTNAME>
  <KATEGORIE>Backofen</KATEGORIE>
  <AUTOR></AUTOR>
  <BEWERTUNG></BEWERTUNG>
  <ZUTATEN>
    <ZUTAT>2- 3 Gem&#252;sezwiebeln (ca. 1,2 kg)</ZUTAT>
    <ZUTAT>Fett f&#252;r die Fettpfanne</ZUTAT>
    <ZUTAT>Stange Porree (Lauch</ZUTAT>
    <ZUTAT>4 gro&#223;e Tomaten</ZUTAT>
    <ZUTAT>1 Dose Champignon in Scheiben (850 ml)</ZUTAT>
    <ZUTAT>&#189; Bund Petersilie</ZUTAT>
    <ZUTAT>1 Bund Schnittlauch</ZUTAT>
    <ZUTAT>6 Schweineschnitzel (a 150 g)</ZUTAT>
    <ZUTAT>Salz, wei&#223;er Pfeffer</ZUTAT>
    <ZUTAT>500 g Schweinemett</ZUTAT>
    <ZUTAT>12 Scheiben Toast-Schmelzk&#228;se</ZUTAT>
    <ZUTAT>400 g Schlagsahne</ZUTAT>
    <ZUTAT>1 P&#228;ckchen Delikatess-Pfefferso&#223;e (f&#252;r &#188; l Wasser)</ZUTAT>
    <ZUTAT>1 P&#228;ckchen Delikatess-Rahmso&#223;e zu Braten (f&#252;r &#189; l
    Wasser)</ZUTAT>
  </ZUTATEN>
  <ZUBEREITUNG>
    <ITEM>Zwiebeln sch&#228;len und in Ringe schneiden. Eine gefettete Pfanne damit
    auslegen.</ITEM>
    <ITEM>Porree und Tomaten putzen und waschen. Porree in Ringe, Tomaten in Scheiben
    schneiden. Pilze abtropfen lassen. Kr&#228;uter waschen. Petersilie hacken und
    Schnittlauch in R&#246;llchen schneiden.</ITEM>
    <ITEM>Schnitzel kurz anbraten und mit Salz und Pfeffer w&#252;rzen. Schnitzel auf die
    Zwiebeln legen, Mett darauf verteilen. Mit Porree, Tomaten, Pilze und der H&#228;lfte
    Kr&#228;uter belegen, Alles mit K&#228;se bedecken.</ITEM>
    <ITEM>Im vorgeheizten Backofen (E- Herd; 250 &#176; C; Umluft: 225 &#176; C; Gas: Stufe 5)
    auf unterster Schiene etwa 45 Minuten backen.</ITEM>
    <ITEM>Sahne mit beiden So&#223;enpulvern verr&#252;hren und 10 Minuten vor Ende der
    Garzeit &#252;ber die Schnitzel gie&#223;en.</ITEM>
    <ITEM>Zum Schluss die restlichen Kr&#228;uter dr&#252;berstreuen.</ITEM>
  </ZUBEREITUNG>
</REZEPT>