<?xml version="1.0" encoding="iso-8859-1"?>
<!DOCTYPE REZEPT SYSTEM "../Rezept.dtd">
<?xml-stylesheet type="text/xsl" href="../Rezepte.xsl" ?>
<REZEPT>
  <REZEPTNAME>Putengeschnetzeltes mit Kr&#228;uterk&#228;se</REZEPTNAME>
  <KATEGORIE>T&#246;pfe</KATEGORIE>
  <AUTOR></AUTOR>
  <BEWERTUNG></BEWERTUNG>
  <ZUTATEN>
    <ZUTAT>1 &#189; kg Putenfilet</ZUTAT>
    <ZUTAT>2 Gl&#228;ser ( je 480g) Champignons</ZUTAT>
    <ZUTAT>4 Zwiebeln</ZUTAT>
    <ZUTAT>8 Essl&#246;ffel Speise&#246;l</ZUTAT>
    <ZUTAT>Salz und Pfeffer</ZUTAT>
    <ZUTAT>500 ml ( &#189; l) Schlagsahne</ZUTAT>
    <ZUTAT>500 ml ( &#189; l) H&#252;hnerbr&#252;he</ZUTAT>
    <ZUTAT>400 g Kr&#228;uterfrischk&#228;se</ZUTAT>
    <ZUTAT>200 ml Weisswein</ZUTAT>
    <ZUTAT>1 Essl&#246;ffel Currypulver</ZUTAT>
    <ZUTAT>Knoblauchsalz</ZUTAT>
  </ZUTATEN>
  <ZUBEREITUNG>
    <ITEM>Putenfilet unter flie&#223;endem kalten Wasser absp&#252;len, trockentupfen und in
    Streifen schneiden.</ITEM>
    <ITEM>Champignons auf ein Sieb geben und dann in Scheiben schneiden.</ITEM>
    <ITEM>Zwiebeln abziehen und w&#252;rfeln, &#214;l erhitzen, Fleischstreifen portionsweise
    darin anbraten, mit Salz und Pfeffer bestreuen. Zwiebeln hinzuf&#252;gen und
    mitd&#252;nsten.</ITEM>
    <ITEM>Mit der Sahne und Br&#252;he abl&#246;schen und aufkochen lassen. Die Champignons,
    den Kr&#228;uterfrischk&#228;se und den Wein unterr&#252;hren und erhitzen.</ITEM>
    <ITEM>Das geschnetzelte mit den Gew&#252;rzen abschmecken und servieren.</ITEM>
    <ITEM>als Beilage kann man Bandnudeln oder Reis anbieten</ITEM>
  </ZUBEREITUNG>
</REZEPT>