<?xml version="1.0" encoding="iso-8859-1"?>
<!DOCTYPE REZEPT SYSTEM "../Rezept.dtd">
<?xml-stylesheet type="text/xsl" href="../Rezepte.xsl" ?>
<REZEPT>
  <REZEPTNAME>Biskuitboden f&#252;r ein kleines Blech</REZEPTNAME>
  <KATEGORIE>Backen</KATEGORIE>
  <AUTOR>unbekannt</AUTOR>
  <BEWERTUNG></BEWERTUNG>
  <ZUTATEN>
    <ZUTAT>4 Eier</ZUTAT>
    <ZUTAT>200 g Zucker</ZUTAT>
    <ZUTAT>200 g Mehl</ZUTAT>
    <ZUTAT>1 P&#228;ckchen Vanillezucker</ZUTAT>
    <ZUTAT>&#189; P&#228;ckchen Backpulver</ZUTAT>
  </ZUTATEN>
  <ZUBEREITUNG>
    <ITEM>Die o.g. Zutaten miteinander verr&#252;hren und bei ca. 10- 15 min bei mittlerer
    Hitze abbacken.</ITEM>
  </ZUBEREITUNG>
</REZEPT>