<?xml version="1.0" encoding="iso-8859-1"?>
<!DOCTYPE REZEPT SYSTEM "../Rezept.dtd">
<?xml-stylesheet type="text/xsl" href="../Rezepte.xsl" ?>
<REZEPT>
  <REZEPTNAME>Bohnensalat</REZEPTNAME>
  <KATEGORIE>Kalte K&#252;che</KATEGORIE>
  <AUTOR>Christa Meissner</AUTOR>
  <BEWERTUNG>****</BEWERTUNG>
  <ZUTATEN>
    <ZUTAT>2 Dosen Prinzessbohnen</ZUTAT>
    <ZUTAT>1 kleine Zwiebel</ZUTAT>
    <ZUTAT>&#190; Teel&#246;ffel Salz</ZUTAT>
    <ZUTAT>5 Teel&#246;ffel Zucker</ZUTAT>
    <ZUTAT>4 Essl&#246;ffel Essig</ZUTAT>
    <ZUTAT>Bohnenkraut</ZUTAT>
    <ZUTAT>Dill</ZUTAT>
    <ZUTAT>&#214;l</ZUTAT>
  </ZUTATEN>
  <ZUBEREITUNG>
    <ITEM>Das Wasser der 2 Dosen Prinzessbohnen in einen kleinen Kochtopf geben, die Bohnen in
    eine gro&#223;e Sch&#252;ssel geben und in deren Mitte eine kleine Mulde formen.</ITEM>
    <ITEM>In den Topf mit dem Bohnenwasser nun das Salz, die 5 Teel&#246;ffel Zucker den Essig
    und das Bohnenkraut hinzutun und aufkochen lassen.</ITEM>
    <ITEM>Jetzt den hei&#223;en Sut &#252;ber die Zwiebeln zu den Bohnen geben und
    kr&#228;ftig verr&#252;hren.</ITEM>
    <ITEM>Zum Schluss das ganze mit etwas Dill und &#214;l verfeinern.</ITEM>
  </ZUBEREITUNG>
</REZEPT>