<?xml version="1.0" encoding="iso-8859-1"?>
<!DOCTYPE REZEPT SYSTEM "../Rezept.dtd">
<?xml-stylesheet type="text/xsl" href="../Rezepte.xsl" ?>
<REZEPT>
  <REZEPTNAME>Wei&#223;kohlsalat</REZEPTNAME>
  <KATEGORIE>Kalte K&#252;che</KATEGORIE>
  <AUTOR>Christa Meissner</AUTOR>
  <BEWERTUNG>****</BEWERTUNG>
  <ZUTATEN>
    <ZUTAT>&#189; Wei&#223;kohl</ZUTAT>
    <ZUTAT>1 kleine Zwiebel</ZUTAT>
    <ZUTAT>3 Tassen Wasser</ZUTAT>
    <ZUTAT>2 Teel&#246;ffel Salz</ZUTAT>
    <ZUTAT>Pfeffer</ZUTAT>
    <ZUTAT>8 - 10 Teel&#246;ffel Zucker</ZUTAT>
    <ZUTAT>4 Essl&#246;ffel Essig- Essenz bzw. 8 Essl&#246;ffel Essig ( 10%)</ZUTAT>
    <ZUTAT>Dill</ZUTAT>
    <ZUTAT>&#214;l</ZUTAT>
  </ZUTATEN>
  <ZUBEREITUNG>
    <ITEM>Den Weiskohl in feine Streifen hobeln und dann mit einem Holzgriff (z.B. dem Stiel
    eines Fleischklopfers) kr&#228;ftig anstampfen.</ITEM>
    <ITEM>Die Zwiebel klein hacken und diese in eine in der Mitte des gestampften Kohles
    geformte Mulde hinzugeben.</ITEM>
    <ITEM>Jetzt in 3 Tassen kochenden Wasser 2 Teel&#246;ffel Salz, 8- 10 Teel&#246;ffel
    Zucker und Essig bzw. Essig- Essenz verr&#252;hren und so hei&#223; &#252;ber die Zwiebeln
    zum Wei&#223;kohl geben.</ITEM>
    <ITEM>Man sollte jetzt eine kleine Weile warten, bis der dazugegebene Sut nicht mehr ganz
    so hei&#223; ist und dann den Wei&#223;kohl mit der Hand ordentlich durchquetschen und
    mengen.</ITEM>
    <ITEM>Zum Schluss das ganze mit etwas Dill und &#214;l verr&#252;hren.</ITEM>
  </ZUBEREITUNG>
</REZEPT>