<?xml version="1.0" encoding="iso-8859-1"?>
<!DOCTYPE REZEPT SYSTEM "../Rezept.dtd">
<?xml-stylesheet type="text/xsl" href="../Rezepte.xsl" ?>
<REZEPT>
  <REZEPTNAME>Rittersuppe</REZEPTNAME>
  <KATEGORIE>Suppen</KATEGORIE>
  <AUTOR></AUTOR>
  <BEWERTUNG></BEWERTUNG>
  <ZUTATEN>
    <ZUTAT>500 - 750 g Gehacktes</ZUTAT>
    <ZUTAT>1 - 2 l Suppe ( z.B. aus einem Br&#252;hw&#252;rfel oder besser einem Fond)</ZUTAT>
    <ZUTAT>1 gro&#223;e Zwiebel</ZUTAT>
    <ZUTAT>1 kleine Dose Champignon</ZUTAT>
    <ZUTAT>1 - 2 Paprikaschoten( gelb + rot)</ZUTAT>
    <ZUTAT>3 - 5 kleine Gew&#252;rzgurken ( oder mehr)</ZUTAT>
    <ZUTAT>1 Dose Mais</ZUTAT>
    <ZUTAT>1 kleine Dose Ananasw&#252;rfel</ZUTAT>
    <ZUTAT>1 Dose Erbsen</ZUTAT>
    <ZUTAT>Tomatenmark</ZUTAT>
    <ZUTAT>Petersilie, Curry, Pfeffer, Salz, Piment</ZUTAT>
    <ZUTAT>Zitronensaft</ZUTAT>
  </ZUTATEN>
  <ZUBEREITUNG>
    <ITEM>Gehacktes in &#214;l anbraten und dann w&#252;rzen</ITEM>
    <ITEM>Zwiebeln und Gurken dazugeben ( ruhig auch etwas Gurkensaft dazugeben) , dann alles
    k&#246;cheln lassen</ITEM>
    <ITEM>Tomatenmark dazugeben und mit Br&#252;he auff&#252;llen</ITEM>
    <ITEM>dann Mais, Erbsen, Paprikaschoten ( in Streifen) und Ananas dazugeben und mit
    Gew&#252;rzen und Kr&#228;utern abschmecken</ITEM>
    <ITEM>zuletzt die Pilze dazugeben und etwas Rosmarin unterr&#252;hren</ITEM>
  </ZUBEREITUNG>
</REZEPT>